i,ai,bi,ci
1,0.05888460,1.325,1.00
2,-0.06136111,1.870,1.00
3,-0.002650473,2.500,2.00
4,0.002731125,2.800,2.00
5,0.001802374,2.938,2.42
6,-0.001150707,3.140,2.63
7,9.588528E-05,3.370,3.00
8,-1.109040E-07,3.750,4.00
9,1.264403E-10,4.000,5.00